<?xml version="1.0" encoding="UTF-8" standalone="yes"?>
<objectModel
	xsi:schemaLocation="http://standards.ieee.org/IEEE1516-2010 http://standards.ieee.org/downloads/1516/1516.2-2010/IEEE1516-DIF-2010.xsd"
	xmlns="http://standards.ieee.org/IEEE1516-2010" xmlns:xsi="http://www.w3.org/2001/XMLSchema-instance">
	<modelIdentification />
    <objects>
		
    	
        <objectClass>
            <name>ObjectRoot</name>
            <sharing>Neither</sharing>
            <semantics></semantics>
                        
                    
        <objectClass>
            <name>FederateObject</name>
            <sharing>PublishSubscribe</sharing>
            <semantics></semantics>
            
            <attribute>
              <name>FederateHandle</name>
              <dataType>int</dataType>
              <transportation>HLAreliable</transportation>
              <order>TimeStamp</order>
              <semantics></semantics>
            </attribute>
            
            <attribute>
              <name>FederateHost</name>
              <dataType>String</dataType>
              <transportation>HLAreliable</transportation>
              <order>TimeStamp</order>
              <semantics></semantics>
            </attribute>
            
            <attribute>
              <name>FederateType</name>
              <dataType>String</dataType>
              <transportation>HLAreliable</transportation>
              <order>TimeStamp</order>
              <semantics></semantics>
            </attribute>
                                </objectClass>
                    </objectClass>
	</objects>
    <interactions>
		
    	<interactionClass>
    <name>InteractionRoot</name>
    <sharing>Neither</sharing>
    <transportation>HLAreliable</transportation>
    <order>TimeStamp</order>
    
        
            <interactionClass>
    <name>C2WInteractionRoot</name>
    <sharing>Neither</sharing>
    <transportation>HLAreliable</transportation>
    <order>TimeStamp</order>
    
    
    <parameter> 
        <name>actualLogicalGenerationTime</name>
        <dataType>double</dataType>
        <semantics></semantics>
    </parameter>
    
    <parameter> 
        <name>federateFilter</name>
        <dataType>String</dataType>
        <semantics></semantics>
    </parameter>
    
    <parameter> 
        <name>originFed</name>
        <dataType>String</dataType>
        <semantics></semantics>
    </parameter>
    
    <parameter> 
        <name>sourceFed</name>
        <dataType>String</dataType>
        <semantics></semantics>
    </parameter>
        
            <interactionClass>
    <name>ActionBase</name>
    <sharing>PublishSubscribe</sharing>
    <transportation>HLAreliable</transportation>
    <order>TimeStamp</order>
    
    
    <parameter> 
        <name>actualLogicalGenerationTime</name>
        <dataType>double</dataType>
        <semantics></semantics>
    </parameter>
    
    <parameter> 
        <name>federateFilter</name>
        <dataType>String</dataType>
        <semantics></semantics>
    </parameter>
    
    <parameter> 
        <name>originFed</name>
        <dataType>String</dataType>
        <semantics></semantics>
    </parameter>
    
    <parameter> 
        <name>sourceFed</name>
        <dataType>String</dataType>
        <semantics></semantics>
    </parameter>
            </interactionClass>
    
            <interactionClass>
    <name>FederateJoinInteraction</name>
    <sharing>PublishSubscribe</sharing>
    <transportation>HLAreliable</transportation>
    <order>TimeStamp</order>
    
    
    <parameter> 
        <name>FederateId</name>
        <dataType>String</dataType>
        <semantics></semantics>
    </parameter>
    
    <parameter> 
        <name>FederateType</name>
        <dataType>String</dataType>
        <semantics></semantics>
    </parameter>
    
    <parameter> 
        <name>IsLateJoiner</name>
        <dataType>boolean</dataType>
        <semantics></semantics>
    </parameter>
    
    <parameter> 
        <name>actualLogicalGenerationTime</name>
        <dataType>double</dataType>
        <semantics></semantics>
    </parameter>
    
    <parameter> 
        <name>federateFilter</name>
        <dataType>String</dataType>
        <semantics></semantics>
    </parameter>
    
    <parameter> 
        <name>originFed</name>
        <dataType>String</dataType>
        <semantics></semantics>
    </parameter>
    
    <parameter> 
        <name>sourceFed</name>
        <dataType>String</dataType>
        <semantics></semantics>
    </parameter>
            </interactionClass>
    
            <interactionClass>
    <name>FederateResignInteraction</name>
    <sharing>PublishSubscribe</sharing>
    <transportation>HLAreliable</transportation>
    <order>TimeStamp</order>
    
    
    <parameter> 
        <name>FederateId</name>
        <dataType>String</dataType>
        <semantics></semantics>
    </parameter>
    
    <parameter> 
        <name>FederateType</name>
        <dataType>String</dataType>
        <semantics></semantics>
    </parameter>
    
    <parameter> 
        <name>IsLateJoiner</name>
        <dataType>boolean</dataType>
        <semantics></semantics>
    </parameter>
    
    <parameter> 
        <name>actualLogicalGenerationTime</name>
        <dataType>double</dataType>
        <semantics></semantics>
    </parameter>
    
    <parameter> 
        <name>federateFilter</name>
        <dataType>String</dataType>
        <semantics></semantics>
    </parameter>
    
    <parameter> 
        <name>originFed</name>
        <dataType>String</dataType>
        <semantics></semantics>
    </parameter>
    
    <parameter> 
        <name>sourceFed</name>
        <dataType>String</dataType>
        <semantics></semantics>
    </parameter>
            </interactionClass>
    
            <interactionClass>
    <name>OutcomeBase</name>
    <sharing>PublishSubscribe</sharing>
    <transportation>HLAreliable</transportation>
    <order>TimeStamp</order>
    
    
    <parameter> 
        <name>actualLogicalGenerationTime</name>
        <dataType>double</dataType>
        <semantics></semantics>
    </parameter>
    
    <parameter> 
        <name>federateFilter</name>
        <dataType>String</dataType>
        <semantics></semantics>
    </parameter>
    
    <parameter> 
        <name>originFed</name>
        <dataType>String</dataType>
        <semantics></semantics>
    </parameter>
    
    <parameter> 
        <name>sourceFed</name>
        <dataType>String</dataType>
        <semantics></semantics>
    </parameter>
            </interactionClass>
    
            <interactionClass>
    <name>SimLog</name>
    <sharing>PublishSubscribe</sharing>
    <transportation>HLAreliable</transportation>
    <order>TimeStamp</order>
    
    
    <parameter> 
        <name>Comment</name>
        <dataType>String</dataType>
        <semantics></semantics>
    </parameter>
    
    <parameter> 
        <name>FedName</name>
        <dataType>String</dataType>
        <semantics></semantics>
    </parameter>
    
    <parameter> 
        <name>Time</name>
        <dataType>double</dataType>
        <semantics></semantics>
    </parameter>
    
    <parameter> 
        <name>actualLogicalGenerationTime</name>
        <dataType>double</dataType>
        <semantics></semantics>
    </parameter>
    
    <parameter> 
        <name>federateFilter</name>
        <dataType>String</dataType>
        <semantics></semantics>
    </parameter>
    
    <parameter> 
        <name>originFed</name>
        <dataType>String</dataType>
        <semantics></semantics>
    </parameter>
    
    <parameter> 
        <name>sourceFed</name>
        <dataType>String</dataType>
        <semantics></semantics>
    </parameter>
        
            <interactionClass>
    <name>HighPrio</name>
    <sharing>PublishSubscribe</sharing>
    <transportation>HLAreliable</transportation>
    <order>TimeStamp</order>
    
    
    <parameter> 
        <name>Comment</name>
        <dataType>String</dataType>
        <semantics></semantics>
    </parameter>
    
    <parameter> 
        <name>FedName</name>
        <dataType>String</dataType>
        <semantics></semantics>
    </parameter>
    
    <parameter> 
        <name>Time</name>
        <dataType>double</dataType>
        <semantics></semantics>
    </parameter>
    
    <parameter> 
        <name>actualLogicalGenerationTime</name>
        <dataType>double</dataType>
        <semantics></semantics>
    </parameter>
    
    <parameter> 
        <name>federateFilter</name>
        <dataType>String</dataType>
        <semantics></semantics>
    </parameter>
    
    <parameter> 
        <name>originFed</name>
        <dataType>String</dataType>
        <semantics></semantics>
    </parameter>
    
    <parameter> 
        <name>sourceFed</name>
        <dataType>String</dataType>
        <semantics></semantics>
    </parameter>
            </interactionClass>
    
            <interactionClass>
    <name>LowPrio</name>
    <sharing>PublishSubscribe</sharing>
    <transportation>HLAreliable</transportation>
    <order>TimeStamp</order>
    
    
    <parameter> 
        <name>Comment</name>
        <dataType>String</dataType>
        <semantics></semantics>
    </parameter>
    
    <parameter> 
        <name>FedName</name>
        <dataType>String</dataType>
        <semantics></semantics>
    </parameter>
    
    <parameter> 
        <name>Time</name>
        <dataType>double</dataType>
        <semantics></semantics>
    </parameter>
    
    <parameter> 
        <name>actualLogicalGenerationTime</name>
        <dataType>double</dataType>
        <semantics></semantics>
    </parameter>
    
    <parameter> 
        <name>federateFilter</name>
        <dataType>String</dataType>
        <semantics></semantics>
    </parameter>
    
    <parameter> 
        <name>originFed</name>
        <dataType>String</dataType>
        <semantics></semantics>
    </parameter>
    
    <parameter> 
        <name>sourceFed</name>
        <dataType>String</dataType>
        <semantics></semantics>
    </parameter>
            </interactionClass>
    
            <interactionClass>
    <name>MediumPrio</name>
    <sharing>PublishSubscribe</sharing>
    <transportation>HLAreliable</transportation>
    <order>TimeStamp</order>
    
    
    <parameter> 
        <name>Comment</name>
        <dataType>String</dataType>
        <semantics></semantics>
    </parameter>
    
    <parameter> 
        <name>FedName</name>
        <dataType>String</dataType>
        <semantics></semantics>
    </parameter>
    
    <parameter> 
        <name>Time</name>
        <dataType>double</dataType>
        <semantics></semantics>
    </parameter>
    
    <parameter> 
        <name>actualLogicalGenerationTime</name>
        <dataType>double</dataType>
        <semantics></semantics>
    </parameter>
    
    <parameter> 
        <name>federateFilter</name>
        <dataType>String</dataType>
        <semantics></semantics>
    </parameter>
    
    <parameter> 
        <name>originFed</name>
        <dataType>String</dataType>
        <semantics></semantics>
    </parameter>
    
    <parameter> 
        <name>sourceFed</name>
        <dataType>String</dataType>
        <semantics></semantics>
    </parameter>
            </interactionClass>
    
            <interactionClass>
    <name>VeryLowPrio</name>
    <sharing>PublishSubscribe</sharing>
    <transportation>HLAreliable</transportation>
    <order>TimeStamp</order>
    
    
    <parameter> 
        <name>Comment</name>
        <dataType>String</dataType>
        <semantics></semantics>
    </parameter>
    
    <parameter> 
        <name>FedName</name>
        <dataType>String</dataType>
        <semantics></semantics>
    </parameter>
    
    <parameter> 
        <name>Time</name>
        <dataType>double</dataType>
        <semantics></semantics>
    </parameter>
    
    <parameter> 
        <name>actualLogicalGenerationTime</name>
        <dataType>double</dataType>
        <semantics></semantics>
    </parameter>
    
    <parameter> 
        <name>federateFilter</name>
        <dataType>String</dataType>
        <semantics></semantics>
    </parameter>
    
    <parameter> 
        <name>originFed</name>
        <dataType>String</dataType>
        <semantics></semantics>
    </parameter>
    
    <parameter> 
        <name>sourceFed</name>
        <dataType>String</dataType>
        <semantics></semantics>
    </parameter>
            </interactionClass>
        </interactionClass>
    
            <interactionClass>
    <name>SimulationControl</name>
    <sharing>PublishSubscribe</sharing>
    <transportation>HLAreliable</transportation>
    <order>TimeStamp</order>
    
    
    <parameter> 
        <name>actualLogicalGenerationTime</name>
        <dataType>double</dataType>
        <semantics></semantics>
    </parameter>
    
    <parameter> 
        <name>federateFilter</name>
        <dataType>String</dataType>
        <semantics></semantics>
    </parameter>
    
    <parameter> 
        <name>originFed</name>
        <dataType>String</dataType>
        <semantics></semantics>
    </parameter>
    
    <parameter> 
        <name>sourceFed</name>
        <dataType>String</dataType>
        <semantics></semantics>
    </parameter>
        
            <interactionClass>
    <name>SimEnd</name>
    <sharing>PublishSubscribe</sharing>
    <transportation>HLAreliable</transportation>
    <order>TimeStamp</order>
    
    
    <parameter> 
        <name>actualLogicalGenerationTime</name>
        <dataType>double</dataType>
        <semantics></semantics>
    </parameter>
    
    <parameter> 
        <name>federateFilter</name>
        <dataType>String</dataType>
        <semantics></semantics>
    </parameter>
    
    <parameter> 
        <name>originFed</name>
        <dataType>String</dataType>
        <semantics></semantics>
    </parameter>
    
    <parameter> 
        <name>sourceFed</name>
        <dataType>String</dataType>
        <semantics></semantics>
    </parameter>
            </interactionClass>
    
            <interactionClass>
    <name>SimPause</name>
    <sharing>PublishSubscribe</sharing>
    <transportation>HLAreliable</transportation>
    <order>TimeStamp</order>
    
    
    <parameter> 
        <name>actualLogicalGenerationTime</name>
        <dataType>double</dataType>
        <semantics></semantics>
    </parameter>
    
    <parameter> 
        <name>federateFilter</name>
        <dataType>String</dataType>
        <semantics></semantics>
    </parameter>
    
    <parameter> 
        <name>originFed</name>
        <dataType>String</dataType>
        <semantics></semantics>
    </parameter>
    
    <parameter> 
        <name>sourceFed</name>
        <dataType>String</dataType>
        <semantics></semantics>
    </parameter>
            </interactionClass>
    
            <interactionClass>
    <name>SimResume</name>
    <sharing>PublishSubscribe</sharing>
    <transportation>HLAreliable</transportation>
    <order>TimeStamp</order>
    
    
    <parameter> 
        <name>actualLogicalGenerationTime</name>
        <dataType>double</dataType>
        <semantics></semantics>
    </parameter>
    
    <parameter> 
        <name>federateFilter</name>
        <dataType>String</dataType>
        <semantics></semantics>
    </parameter>
    
    <parameter> 
        <name>originFed</name>
        <dataType>String</dataType>
        <semantics></semantics>
    </parameter>
    
    <parameter> 
        <name>sourceFed</name>
        <dataType>String</dataType>
        <semantics></semantics>
    </parameter>
            </interactionClass>
        </interactionClass>
    
            <interactionClass>
    <name>SimTime</name>
    <sharing>PublishSubscribe</sharing>
    <transportation>HLAreliable</transportation>
    <order>TimeStamp</order>
    
    
    <parameter> 
        <name>actualLogicalGenerationTime</name>
        <dataType>double</dataType>
        <semantics></semantics>
    </parameter>
    
    <parameter> 
        <name>federateFilter</name>
        <dataType>String</dataType>
        <semantics></semantics>
    </parameter>
    
    <parameter> 
        <name>ignoreTil</name>
        <dataType>double</dataType>
        <semantics></semantics>
    </parameter>
    
    <parameter> 
        <name>originFed</name>
        <dataType>String</dataType>
        <semantics></semantics>
    </parameter>
    
    <parameter> 
        <name>secondsPerLogicalTime</name>
        <dataType>double</dataType>
        <semantics></semantics>
    </parameter>
    
    <parameter> 
        <name>sourceFed</name>
        <dataType>String</dataType>
        <semantics></semantics>
    </parameter>
    
    <parameter> 
        <name>startTime</name>
        <dataType>double</dataType>
        <semantics></semantics>
    </parameter>
    
    <parameter> 
        <name>stopTime</name>
        <dataType>double</dataType>
        <semantics></semantics>
    </parameter>
            </interactionClass>
        </interactionClass>
        </interactionClass>
	</interactions>
	<dimensions />
</objectModel>
