{
  "COA3-COA1-COA2": [
    [
      {
        "Name": "COA1",
        "ID": "ae136a0b-2bbc-4681-09c3-957db91af45a"
      },
      {
        "Name": "COA2",
        "ID": "fac41240-528b-904a-944e-f4313504520b"
      }
    ],
    [
      {
        "Name": "COA3",
        "ID": "5d3497d6-323f-d124-a348-3af561c5e28d"
      }
    ]
  ],
  "COA4-COA1-COA2": [
    [
      {
        "Name": "COA1",
        "ID": "ae136a0b-2bbc-4681-09c3-957db91af45a"
      },
      {
        "Name": "COA2",
        "ID": "fac41240-528b-904a-944e-f4313504520b"
      }
    ],
    [
      {
        "Name": "COA4",
        "ID": "86842b30-5285-8ca6-8a7f-7a74a2c2eb8b"
      }
    ]
  ],
  "COA3-COA4-COA1-COA2": [
    [
      {
        "Name": "COA1",
        "ID": "ae136a0b-2bbc-4681-09c3-957db91af45a"
      },
      {
        "Name": "COA2",
        "ID": "fac41240-528b-904a-944e-f4313504520b"
      }
    ],
    [
      {
        "Name": "COA3",
        "ID": "5d3497d6-323f-d124-a348-3af561c5e28d"
      }
    ],
    [
      {
        "Name": "COA4",
        "ID": "86842b30-5285-8ca6-8a7f-7a74a2c2eb8b"
      }
    ]
  ]
}